pmid,desc_uid,desc_maj_status,qual_uid,qual_maj_status
973217,66,0,NULL,NULL
973217,4469,1,NULL,NULL
973217,6739,1,NULL,NULL
973217,14481,0,NULL,NULL
1669026,47,1,NULL,NULL
1669026,1530,0,NULL,NULL
1875346,85,0,378,0
1875346,818,0,NULL,NULL
1875346,924,0,138,1
1875346,924,0,493,0
1875346,924,0,494,0
1875346,55598,0,NULL,NULL
1875346,2621,0,NULL,NULL
1875346,2784,0,96,0
1875346,4285,0,NULL,NULL
1875346,19161,1,NULL,NULL
1875346,7700,0,NULL,NULL
1875346,8148,0,31,1
1875346,8148,0,138,0
1875346,8148,0,737,0
1875346,8148,0,493,0
1875346,8148,0,494,0
1875346,8297,0,NULL,NULL
1875346,8968,0,NULL,NULL
1875346,15394,0,NULL,NULL
1875346,10100,1,NULL,NULL
1875346,51381,0,NULL,NULL
1875346,19821,0,NULL,NULL
1875346,13329,0,NULL,NULL
5757641,818,0,NULL,NULL
5757641,4285,0,NULL,NULL
5757641,4558,0,NULL,NULL
5757641,6624,0,502,1
5757641,12018,1,NULL,NULL
3549656,818,0,NULL,NULL
3549656,900,0,138,1
3549656,900,0,494,0
3549656,1419,0,187,0
3549656,65098,1,NULL,NULL
3549656,4927,0,188,0
3549656,7202,0,NULL,NULL
3549656,8297,0,NULL,NULL
3549656,51379,0,NULL,NULL
3549656,8815,0,NULL,NULL
3549656,8826,0,NULL,NULL
3549656,10406,0,138,1
3549656,10406,0,494,0
3549656,10406,0,627,0
3549656,11552,0,188,0
3549656,13329,0,NULL,NULL
3549656,47090,0,NULL,NULL
8119288,595,0,NULL,NULL
8119288,1412,0,201,1
8119288,1412,0,235,0
8119288,2384,0,NULL,NULL
8119288,3001,0,NULL,NULL
8119288,4926,0,201,0
8119288,4926,0,235,0
8119288,5294,0,235,0
8119288,5294,0,302,1
8119288,5294,0,378,0
8119288,17353,0,NULL,NULL
8119288,5798,0,NULL,NULL
8119288,7700,0,NULL,NULL
8119288,8969,0,NULL,NULL
8119288,8970,0,NULL,NULL
8119288,12995,0,NULL,NULL
8119288,14867,0,NULL,NULL
8219565,2405,1,NULL,NULL
8219565,6801,0,NULL,NULL
8219565,11859,0,NULL,NULL
8219565,14025,0,NULL,NULL
8219565,16306,1,NULL,NULL
8219565,14682,0,981,0
8655018,328,0,NULL,NULL
8655018,2318,0,209,0
8655018,2318,0,401,1
8655018,2657,0,502,1
8655018,5314,0,502,1
8655018,5317,0,150,0
8655018,5317,0,503,1
8655018,6801,0,NULL,NULL
8655018,7231,0,NULL,NULL
8655018,9747,0,NULL,NULL
8655018,12307,0,NULL,NULL
8655018,15996,0,NULL,NULL
8863847,255,0,494,1
8863847,818,0,NULL,NULL
8863847,1011,0,166,0
8863847,1011,0,187,0
8863847,1011,0,378,0
8863847,17871,0,378,0
8863847,2452,0,NULL,NULL
8863847,2455,0,187,0
8863847,2478,0,NULL,NULL
8863847,4247,0,96,0
8863847,4789,0,NULL,NULL
8863847,5110,0,378,0
8863847,19204,0,378,0
8863847,19204,0,502,0
8863847,66298,0,NULL,NULL
8863847,7930,0,378,0
8863847,9131,0,166,1
8863847,9131,0,187,1
8863847,9131,0,378,0
8863847,11493,0,378,0
8863847,17346,0,378,0
8863847,11518,0,378,0
8863847,19908,0,NULL,NULL
8863847,12333,0,378,0
8863847,51381,0,NULL,NULL
8863847,17207,0,NULL,NULL
8863847,18048,0,502,0
8863847,15398,0,502,0
8863847,13268,0,NULL,NULL
8863847,13936,0,378,0
8863847,14157,0,96,0
8863847,14316,0,NULL,NULL
9110943,15670,0,NULL,NULL
9110943,328,0,NULL,NULL
9110943,2684,0,NULL,NULL
9110943,16206,0,NULL,NULL
9110943,6801,0,NULL,NULL
9110943,8349,0,NULL,NULL
9110943,19838,1,NULL,NULL
9110943,10146,0,188,0
9110943,10146,0,534,0
9110943,59408,1,NULL,NULL
9110943,10353,0,NULL,NULL
9110943,26741,1,NULL,NULL
9110943,16032,0,NULL,NULL
9110943,15203,0,NULL,NULL
9110943,14947,0,188,0
9110943,14947,0,534,0
9110943,14947,0,628,0
8941094,368,0,NULL,NULL
8941094,2470,0,NULL,NULL
8941094,2908,0,NULL,NULL
8941094,2940,0,NULL,NULL
8941094,3327,0,981,1
8941094,3327,0,503,0
8941094,4280,1,NULL,NULL
8941094,4452,1,NULL,NULL
8941094,5500,0,NULL,NULL
8941094,6321,0,981,1
8941094,6801,0,NULL,NULL
8941094,8297,0,NULL,NULL
8941094,8875,0,NULL,NULL
8941094,9200,0,NULL,NULL
8941094,9204,0,NULL,NULL
8941094,11877,0,NULL,NULL
8941094,12146,0,NULL,NULL
8941094,13599,0,NULL,NULL
8941094,13794,1,493,0
8941094,13997,0,NULL,NULL
8941094,18487,0,981,0
8941094,18487,0,628,0
9394824,293,0,NULL,NULL
9394824,328,0,NULL,NULL
9394824,368,0,NULL,NULL
9394824,369,0,NULL,NULL
9394824,375,0,235,0
9394824,375,0,276,0
9394824,1483,0,NULL,NULL
9394824,2648,0,NULL,NULL
9394824,3106,0,276,0
9394824,3106,0,378,0
9394824,4386,0,276,0
9394824,4386,0,378,0
9394824,15321,0,276,0
9394824,5803,0,NULL,NULL
9394824,6801,0,NULL,NULL
9394824,7143,0,235,0
9394824,7135,0,235,0
9394824,7223,0,NULL,NULL
9394824,7413,0,166,1
9394824,7413,0,276,1
9394824,8875,0,NULL,NULL
9394824,8969,0,NULL,NULL
9394824,9154,1,NULL,NULL
9394824,9928,0,235,0
9394824,9928,0,276,0
9394824,10950,0,276,1
9394824,10950,0,378,1
9482442,368,0,NULL,NULL
9482442,5260,0,NULL,NULL
9482442,6801,0,NULL,NULL
9482442,9324,0,NULL,NULL
9482442,11208,0,NULL,NULL
9482442,11859,0,NULL,NULL
9482442,12822,0,8,1
9482442,12829,0,981,1
9482442,12829,0,209,1
9505772,328,0,NULL,NULL
9505772,368,0,NULL,NULL
9505772,1026,0,9,1
9505772,4562,0,NULL,NULL
9505772,5260,0,NULL,NULL
9505772,6801,0,NULL,NULL
9505772,7442,0,379,1
9505772,8297,0,NULL,NULL
9505772,8875,0,NULL,NULL
9505772,17202,0,209,1
9505772,11182,0,379,1
9505772,11184,0,NULL,NULL
9505772,11446,0,NULL,NULL
9505772,16896,0,NULL,NULL
9575322,3937,0,NULL,NULL
9575322,6801,0,NULL,NULL
9575322,17116,0,209,1
9575322,8161,0,NULL,NULL
9575322,10146,0,209,1
9575322,10353,0,NULL,NULL
9575322,13130,0,150,1
9575322,13130,0,175,1
9575322,13130,0,503,0
9575322,13130,0,628,0
9575322,13664,0,NULL,NULL
9627170,328,0,NULL,NULL
9627170,16470,0,401,1
9627170,16470,0,628,0
9627170,2423,0,NULL,NULL
9627170,3422,1,NULL,NULL
9627170,5260,0,NULL,NULL
9627170,6801,0,NULL,NULL
9627170,8297,0,NULL,NULL
9627170,11379,0,NULL,NULL
9627170,11446,0,NULL,NULL
9627170,12772,0,401,1
9627170,12772,0,628,0
9627170,13530,0,401,1
9627170,13530,0,628,0
9627170,15996,0,NULL,NULL
9627170,18746,0,401,1
9627170,18746,0,628,0
9626910,9202,0,453,0
9626910,9202,0,209,0
9626910,9202,0,821,0
9626910,6321,0,821,0
9626910,6331,0,453,1
9626910,6331,0,209,0
9626910,6331,0,821,1
9626910,16174,0,276,0
9626910,6526,0,150,1
9626910,18937,0,97,0
9626910,6801,0,NULL,NULL
9626910,7564,0,453,0
9626910,8875,0,NULL,NULL
9626910,9206,0,276,0
9626910,9206,0,473,0
9626910,15995,0,NULL,NULL
9626910,11795,0,NULL,NULL
9861576,368,0,NULL,NULL
9861576,369,0,NULL,NULL
9861576,2318,0,139,1
9861576,2318,0,503,0
9861576,3866,0,150,1
9861576,3866,0,188,0
9861576,4311,0,NULL,NULL
9861576,4452,0,NULL,NULL
9861576,4562,0,187,0
9861576,5260,0,NULL,NULL
9861576,5473,0,9,1
9861576,5473,0,627,0
9861576,16666,0,9,1
9861576,16666,0,627,0
9861576,6801,0,NULL,NULL
9861576,8297,0,NULL,NULL
9861576,8875,0,NULL,NULL
9861576,17367,0,9,1
9861576,17367,0,627,0
9929727,293,0,NULL,NULL
9929727,328,0,NULL,NULL
9929727,2648,0,NULL,NULL
9929727,5260,0,NULL,NULL
9929727,7722,0,NULL,NULL
9929727,6801,0,NULL,NULL
9929727,8297,0,NULL,NULL
9929727,74606,1,NULL,NULL
9885794,818,0,NULL,NULL
9885794,14150,0,8,0
9885794,14150,0,627,1
9885794,1522,0,187,0
9885794,2108,0,627,1
9885794,2766,0,502,1
9885794,5765,0,627,1
9885794,6220,0,8,0
9885794,6220,0,627,0
9885794,7279,0,NULL,NULL
9885794,8297,0,NULL,NULL
9885794,9043,0,187,0
9885794,11618,0,188,1
9885794,11618,0,523,0
9885794,51381,0,NULL,NULL
9885794,17207,0,NULL,NULL
9885794,11949,0,37,0
9885794,11949,0,187,0
9885794,13216,0,187,0
9885794,13758,0,37,0
9885794,13758,0,494,0
10078868,14118,1,NULL,NULL
10083987,402,0,209,1
10083987,402,0,601,0
10083987,776,0,193,0
10083987,779,0,8,0
10083987,2574,0,293,0
10083987,16292,0,9,0
10083987,16292,0,379,0
10083987,6801,0,NULL,NULL
10083987,7442,0,9,1
10083987,7442,0,295,0
10083987,7442,0,379,0
10083987,20704,0,NULL,NULL
10083987,7828,0,9,0
10083987,7828,0,379,0
10083987,14139,0,NULL,NULL
10101342,16512,0,981,0
10101342,16512,0,209,0
10101342,16512,0,628,0
10101342,3661,0,NULL,NULL
10101342,4630,1,NULL,NULL
10101342,5121,0,981,0
10101342,5121,0,293,1
10101342,50723,0,981,0
10101342,50723,0,209,0
10101342,50723,0,628,0
10101342,6801,0,NULL,NULL
10101342,7718,0,981,0
10101342,7718,0,209,0
10101342,7718,0,628,0
10101342,17410,0,NULL,NULL
10101342,11859,0,NULL,NULL
10101342,12783,0,981,0
10101342,12783,0,209,0
10101342,12783,0,628,0
10168751,2170,0,NULL,NULL
10168751,4059,0,NULL,NULL
10168751,5060,0,NULL,NULL
10168751,19538,1,NULL,NULL
10168751,6291,0,NULL,NULL
10168751,7255,0,NULL,NULL
10168751,17149,0,NULL,NULL
10168751,13673,0,331,0
10168751,13673,0,379,0
10168751,13673,0,458,1
10168751,13673,0,706,0
10168751,14481,0,NULL,NULL
10168751,14491,0,NULL,NULL
10097079,64,0,NULL,NULL
10097079,595,0,NULL,NULL
10097079,19943,0,NULL,NULL
10097079,1426,0,737,1
10097079,1426,0,235,0
10097079,17017,0,235,1
10097079,17017,0,378,1
10097079,8969,0,NULL,NULL
10097079,11487,0,NULL,NULL
10097079,13045,0,NULL,NULL
10097079,13696,0,NULL,NULL
10192114,900,0,302,1
10192114,900,0,494,0
10192114,6094,0,187,0
10192114,8826,0,NULL,NULL
10192114,9390,0,NULL,NULL
10192114,10936,0,494,0
10192114,10946,0,737,1
10192115,1104,0,32,0
10192115,1104,0,96,1
10192115,46508,0,NULL,NULL
10192115,17022,0,NULL,NULL
10192115,6873,0,32,0
10192115,6873,0,737,1
10192115,7700,0,NULL,NULL
10192115,10946,0,378,1
10188493,5260,0,NULL,NULL
10188493,6801,0,NULL,NULL
10188493,10021,0,379,1
10188493,13222,0,NULL,NULL
10188493,6113,0,NULL,NULL
10188493,16387,1,NULL,NULL
10331748,4645,1,NULL,NULL
10331748,6801,0,NULL,NULL
10331748,19359,0,NULL,NULL
10331748,26741,0,NULL,NULL
10331748,11369,1,NULL,NULL
10331748,12922,1,NULL,NULL
10331748,14754,0,523,1
10331749,368,0,502,1
10331749,1944,0,NULL,NULL
10331749,5260,0,NULL,NULL
10331749,5541,0,502,1
10331749,6331,0,517,0
10331749,6801,0,NULL,NULL
10331749,8171,0,517,0
10331749,8297,0,NULL,NULL
10331749,8875,0,NULL,NULL
10331749,11187,0,502,1
10331749,11237,0,NULL,NULL
10331749,11653,0,502,1
10331749,13147,0,NULL,NULL
10331749,14797,0,502,1
10389168,818,0,NULL,NULL
10389168,2412,0,378,1
10389168,2478,0,NULL,NULL
10389168,431,0,494,1
10389168,5727,0,166,0
10389168,15640,0,NULL,NULL
10389168,9475,0,187,1
10389168,9475,0,378,0
10389168,18408,0,NULL,NULL
10389168,51381,0,NULL,NULL
10389168,17208,0,NULL,NULL
10389168,15222,0,187,1
10389168,13779,0,494,0
10540283,595,0,NULL,NULL
10540283,1426,1,NULL,NULL
10540283,1483,0,NULL,NULL
10540283,4268,1,NULL,NULL
10540283,15964,0,NULL,NULL
10540283,5816,0,NULL,NULL
10540283,8565,0,737,0
10540283,8565,0,235,1
10540283,8565,0,378,0
10540283,8969,0,NULL,NULL
10540283,5810,0,NULL,NULL
10540283,9154,0,NULL,NULL
10540283,9572,0,235,1
10540283,9572,0,378,0
10540283,10231,0,235,1
10540283,10231,0,378,0
10540283,17433,0,NULL,NULL
10540283,17386,0,NULL,NULL
10540283,14157,0,235,1
10540283,14157,0,378,0
10540283,14158,1,NULL,NULL
10854512,4379,0,150,1
10854512,4379,0,473,0
10854512,4379,0,601,0
10854512,4382,0,209,1
10854512,4382,0,473,0
10854512,4382,0,601,0
10854512,16099,0,NULL,NULL
10854512,19160,0,NULL,NULL
10854512,5260,0,NULL,NULL
10854512,5350,0,473,0
10854512,5350,0,601,0
10854512,5753,0,473,0
10854512,6471,0,209,0
10854512,6471,0,473,0
10854512,6471,0,601,0
10854512,6801,0,NULL,NULL
10854512,7417,0,150,1
10854512,7417,0,473,0
10854512,7417,0,601,0
10854512,8875,0,NULL,NULL
10737756,80,0,138,1
10737756,80,0,737,0
10737756,80,0,378,1
10737756,80,0,494,0
10737756,818,0,NULL,NULL
10737756,894,0,138,1
10737756,894,0,737,0
10737756,894,0,378,0
10737756,894,0,494,0
10737756,932,0,138,1
10737756,932,0,737,0
10737756,932,0,378,0
10737756,932,0,494,0
10737756,970,0,NULL,NULL
10737756,2945,0,NULL,NULL
10737756,4285,0,NULL,NULL
10737756,4353,0,NULL,NULL
10737756,5289,0,NULL,NULL
10737756,6168,0,NULL,NULL
10737756,6801,0,NULL,NULL
10737756,9025,0,138,1
10737756,9025,0,737,0
10737756,9025,0,378,1
10737756,9025,0,494,0
10737756,64729,1,NULL,NULL
10737756,11355,0,138,1
10737756,11355,0,737,0
10737756,11355,0,378,0
10737756,11355,0,494,0
10737756,51381,0,NULL,NULL
10737756,12995,0,NULL,NULL
10737756,13237,0,NULL,NULL
10737756,13329,0,NULL,NULL
10737756,14839,0,139,0
10737756,14839,0,188,0
10737756,14867,0,NULL,NULL
10612833,19943,0,NULL,NULL
10612833,2460,0,NULL,NULL
10612833,4398,0,NULL,NULL
10612833,5786,1,NULL,NULL
10612833,6367,0,NULL,NULL
10612833,6319,0,235,1
10612833,6319,0,378,0
10612833,6801,0,NULL,NULL
10612833,15810,0,NULL,NULL
10612833,20125,0,NULL,NULL
10612833,9218,0,96,0
10612833,9218,0,235,1
10612833,10375,0,NULL,NULL
10612833,10857,0,378,0
10612833,16133,0,NULL,NULL
10612833,12150,0,NULL,NULL
10612833,11401,1,NULL,NULL
10612833,12174,0,235,1
10612833,12174,0,378,0
10612833,13577,0,NULL,NULL
10612833,15837,0,235,1
10612833,15837,0,378,0
10972993,19313,0,235,1
10972993,24682,0,NULL,NULL
10972993,1940,0,378,0
10972993,1943,0,235,1
10972993,2460,0,NULL,NULL
10972993,4847,0,378,0
10972993,5091,0,NULL,NULL
10972993,5260,0,NULL,NULL
10972993,15972,0,NULL,NULL
10972993,19398,1,NULL,NULL
10972993,14644,0,NULL,NULL
10972993,6801,0,NULL,NULL
10972993,8297,0,NULL,NULL
10972993,9363,0,235,1
10972993,10051,0,235,1
10972993,11471,0,235,1
10972993,12333,0,235,0
10972993,17384,0,NULL,NULL
10972993,14157,0,235,1
10972993,14158,1,NULL,NULL
10972993,14407,0,NULL,NULL
11025314,970,0,737,1
11025314,18360,0,NULL,NULL
11025314,6860,0,NULL,NULL
11025314,7093,0,737,1
11025314,8958,0,NULL,NULL
11025314,8968,0,NULL,NULL
11025314,13237,0,NULL,NULL
11025314,13450,0,737,1
11034741,1007,0,628,0
11034741,3863,0,628,0
11034741,5260,0,NULL,NULL
11034741,6801,0,NULL,NULL
11034741,8425,0,523,1
11034741,9034,1,NULL,NULL
11034741,16487,1,NULL,NULL
11034741,15397,1,NULL,NULL
11034741,16032,0,NULL,NULL
11034741,12649,0,NULL,NULL
11238657,2118,0,378,0
11238657,2118,0,502,0
11238657,3600,0,378,0
11238657,17259,0,494,0
11238657,4306,0,NULL,NULL
11238657,5089,0,276,1
11238657,5966,0,557,0
11238657,6632,0,31,1
11238657,6632,0,494,0
11238657,6632,0,502,1
11238657,17442,0,494,0
11238657,6634,0,494,0
11238657,6635,0,494,0
11238657,6801,0,NULL,NULL
11238657,15850,0,96,1
11238657,15850,0,235,0
11238657,15850,0,557,0
11238657,8168,0,166,0
11238657,8168,0,201,0
11238657,8168,0,276,1
11238657,8168,0,378,1
11238657,16676,0,201,0
11238657,16676,0,276,0
11238657,16676,0,378,1
11238657,16676,0,557,0
11238657,12333,0,96,0
11238657,11969,0,378,1
11238657,14052,0,494,0
11238657,15854,0,276,0
11279676,2585,1,NULL,NULL
11279676,17558,1,NULL,NULL
11279676,5260,0,NULL,NULL
11279676,6801,0,NULL,NULL
11279676,7231,0,NULL,NULL
11279676,7234,0,NULL,NULL
11279676,7752,1,NULL,NULL
11279676,11247,0,NULL,NULL
11279676,16032,0,NULL,NULL
11243089,2675,0,NULL,NULL
11243089,16000,0,NULL,NULL
11243089,3430,0,NULL,NULL
11243089,4522,0,NULL,NULL
11243089,5260,0,NULL,NULL
11243089,6801,0,NULL,NULL
11243089,7194,0,453,0
11243089,7223,0,NULL,NULL
11243089,8297,0,NULL,NULL
11243089,9752,1,NULL,NULL
11243089,11203,0,NULL,NULL
11243089,11287,0,NULL,NULL
11243089,15995,0,NULL,NULL
11243089,11502,0,453,1
11428848,1145,0,209,0
11428848,1145,0,628,1
11428848,19571,0,628,0
11428848,2311,0,628,0
11428848,2312,0,628,0
11428848,3327,0,628,0
11428848,16757,0,517,1
11428848,17147,1,NULL,NULL
11428848,6349,0,628,0
11428848,6801,0,NULL,NULL
11428848,8133,0,628,0
11428848,14693,0,628,0
11406024,1007,0,628,0
11406024,3863,0,628,0
11406024,5260,0,NULL,NULL
11406024,6801,0,NULL,NULL
11406024,8425,0,523,1
11406024,8429,0,NULL,NULL
11406024,9034,1,NULL,NULL
11406024,16487,1,NULL,NULL
11406024,15397,1,NULL,NULL
11406024,16032,0,NULL,NULL
11406024,12649,0,NULL,NULL
11441930,970,0,9,0
11441930,970,0,627,1
11441930,23381,0,NULL,NULL
11441930,6801,0,NULL,NULL
11441930,9369,0,188,1
11441930,17063,0,NULL,NULL
11441930,10166,0,NULL,NULL
11441930,17060,0,NULL,NULL
11441930,11788,1,NULL,NULL
11441930,11795,0,NULL,NULL
11442735,328,0,NULL,NULL
11442735,368,0,NULL,NULL
11442735,900,0,8,1
11442735,2908,0,NULL,NULL
11442735,2985,0,NULL,NULL
11442735,3362,0,NULL,NULL
11442735,3646,0,NULL,NULL
11442735,12534,0,379,1
11442735,4318,0,8,1
11442735,4318,0,31,0
11442735,4339,0,NULL,NULL
11442735,5260,0,NULL,NULL
11442735,5884,0,209,0
11442735,6801,0,NULL,NULL
11442735,8297,0,NULL,NULL
11442735,8875,0,NULL,NULL
11442735,10514,0,473,0
11442735,10518,0,150,0
11442735,10518,0,188,0
11442735,10518,0,473,0
11442735,10518,0,628,1
11442735,11446,0,NULL,NULL
11442735,16745,0,379,0
11442735,16037,0,NULL,NULL
11442735,16896,0,NULL,NULL
11237011,818,0,NULL,NULL
11237011,2874,0,NULL,NULL
11237011,17124,0,NULL,NULL
11237011,18899,0,NULL,NULL
11237011,4251,0,NULL,NULL
11237011,16208,0,NULL,NULL
11237011,4345,0,NULL,NULL
11237011,19143,0,NULL,NULL
11237011,5544,0,NULL,NULL
11237011,20862,0,NULL,NULL
11237011,20440,0,NULL,NULL
11237011,5796,0,NULL,NULL
11237011,30342,0,NULL,NULL
11237011,5826,0,NULL,NULL
11237011,15894,1,NULL,NULL
11237011,16045,1,NULL,NULL
11237011,6801,0,NULL,NULL
11237011,9154,0,NULL,NULL
11237011,17149,0,NULL,NULL
11237011,11506,0,235,0
11237011,20543,0,NULL,NULL
11237011,17150,0,NULL,NULL
11237011,12313,0,235,0
11237011,12091,0,NULL,NULL
11237011,17422,1,379,0
11237011,13045,0,NULL,NULL
11488864,704,0,NULL,NULL
11488864,818,0,NULL,NULL
11488864,20099,0,NULL,NULL
11488864,3758,0,NULL,NULL
11488864,15921,1,NULL,NULL
11488864,3775,0,NULL,NULL
11488864,17267,1,NULL,NULL
11488864,20878,0,NULL,NULL
11488864,5269,0,NULL,NULL
11488864,6851,0,NULL,NULL
11488864,20007,1,NULL,NULL
11488864,8669,0,NULL,NULL
11488864,16348,1,NULL,NULL
11488864,11817,0,NULL,NULL
11488864,13464,0,NULL,NULL
11488864,13499,0,NULL,NULL
11488864,14025,1,NULL,NULL
11488864,19415,0,NULL,NULL
11473127,1565,0,494,0
11473127,2118,0,378,0
11473127,2118,0,494,0
11473127,2412,0,NULL,NULL
11473127,4151,0,494,0
11473127,4305,0,NULL,NULL
11473127,4492,0,494,0
11473127,6801,0,NULL,NULL
11473127,39041,0,NULL,NULL
11473127,16023,0,37,0
11473127,16023,0,737,1
11473127,16023,0,378,1
11473127,7477,1,NULL,NULL
11473127,19169,0,NULL,NULL
11473127,7700,0,NULL,NULL
11473127,8024,1,NULL,NULL
11473127,8274,0,494,0
11473127,8345,0,494,0
11473127,8956,0,NULL,NULL
11473127,10671,0,494,0
11473127,11485,0,NULL,NULL
11473127,16201,0,37,0
11473127,16201,0,737,1
11473127,16201,0,378,1
11473127,13997,0,NULL,NULL
11488868,20341,0,NULL,NULL
11488868,368,0,NULL,NULL
11488868,540,0,379,0
11488868,1861,0,187,1
11488868,18786,0,494,1
11488868,2130,0,494,1
11488868,6801,0,NULL,NULL
11488868,8297,0,NULL,NULL
11488868,8334,0,601,0
11488868,8443,0,601,0
11488868,8875,0,NULL,NULL
11488868,13516,1,NULL,NULL
11488868,16062,0,NULL,NULL
11520209,588,0,138,0
11520209,588,0,737,0
11520209,588,0,494,0
11520209,636,0,NULL,NULL
11520209,818,0,NULL,NULL
11520209,894,0,138,1
11520209,894,0,737,0
11520209,894,0,493,0
11520209,894,0,494,0
11520209,1372,0,138,1
11520209,1372,0,737,0
11520209,1372,0,494,0
11520209,1391,0,138,1
11520209,1391,0,737,0
11520209,1391,0,493,0
11520209,1391,0,494,0
11520209,3093,0,139,0
11520209,3093,0,188,0
11520209,4353,0,NULL,NULL
11520209,5260,0,NULL,NULL
11520209,7022,0,188,0
11520209,7093,0,138,1
11520209,7093,0,737,0
11520209,7093,0,494,0
11520209,8297,0,NULL,NULL
11520209,19804,0,138,1
11520209,19804,0,737,1
11520209,19804,0,494,0
11520209,10972,0,37,1
11520209,10974,0,187,0
11520209,11355,0,138,1
11520209,11355,0,737,0
11520209,11355,0,493,0
11520209,11355,0,494,0
11520209,11725,0,138,1
11520209,11725,0,737,0
11520209,11725,0,494,0
11520209,51381,0,NULL,NULL
11520209,17207,0,NULL,NULL
11520209,17208,0,NULL,NULL
11520209,13237,0,NULL,NULL
11520209,13329,0,NULL,NULL
11520209,14302,0,NULL,NULL
11525160,818,0,NULL,NULL
11525160,6801,0,NULL,NULL
11525160,7674,1,NULL,NULL
11525160,9398,1,NULL,NULL
11524736,328,0,NULL,NULL
11524736,1483,0,NULL,NULL
11524736,2675,0,NULL,NULL
11524736,5260,0,NULL,NULL
11524736,71838,0,NULL,NULL
11524736,71837,0,NULL,NULL
11524736,16368,0,NULL,NULL
11524736,6801,0,NULL,NULL
11524736,8297,0,NULL,NULL
11524736,8382,0,235,1
11524736,8840,0,235,1
11524736,8875,0,NULL,NULL
11524736,9154,0,NULL,NULL
11524736,20125,0,NULL,NULL
11524736,17384,0,NULL,NULL
11524736,6113,0,NULL,NULL
11537092,2118,0,32,1
11537092,2118,0,502,1
11537092,3593,0,737,1
11537092,5456,0,NULL,NULL
11537092,16257,0,NULL,NULL
11537092,18522,0,502,0
11537092,18466,0,502,0
11537092,7211,0,NULL,NULL
11537092,18518,0,166,0
11537092,18518,0,254,0
11537092,18518,0,502,0
11537092,18517,0,166,0
11537092,18517,0,254,1
11537092,18517,0,502,0
11537092,11523,0,737,1
11537092,11523,0,502,0
11537092,15398,0,NULL,NULL
11537092,3313,0,166,0
11537092,3313,0,254,0
11537092,3313,0,502,0
11540070,595,0,NULL,NULL
11540070,2118,0,502,1
11540070,2135,0,502,0
11540070,17871,0,378,0
11540070,2147,0,378,0
11540070,18506,1,NULL,NULL
11540070,18522,0,502,0
11540070,8969,0,NULL,NULL
11540070,59828,0,NULL,NULL
11540070,10937,0,378,0
11540070,18521,1,NULL,NULL
11540070,10944,0,235,1
11540070,15290,1,NULL,NULL
11540070,15398,0,502,0
11543891,483,0,NULL,NULL
11543891,18912,0,235,0
11543891,5787,0,NULL,NULL
11543891,6115,0,208,0
11543891,6680,0,235,1
11543891,15234,0,235,0
11543891,15235,0,235,0
11543891,6683,0,NULL,NULL
11543891,59866,0,NULL,NULL
11543891,6684,0,235,0
11543891,59811,0,NULL,NULL
11543891,6239,0,235,0
11543891,6801,0,NULL,NULL
11543891,7514,0,NULL,NULL
11543891,7557,0,NULL,NULL
11543891,7585,0,235,0
11543891,15810,0,NULL,NULL
11543891,19083,0,NULL,NULL
11543891,8877,0,NULL,NULL
11543891,10802,0,NULL,NULL
11543891,11110,0,235,0
11562649,293,0,NULL,NULL
11562649,2648,0,NULL,NULL
11562649,2675,0,NULL,NULL
11562649,3258,0,NULL,NULL
11562649,3672,1,NULL,NULL
11562649,5243,1,737,0
11562649,6266,0,379,1
11562649,6801,0,NULL,NULL
11562649,7223,0,NULL,NULL
11562649,7231,0,NULL,NULL
11562649,9820,0,NULL,NULL
11562649,16487,1,NULL,NULL
11580607,1419,0,254,0
11580607,3460,0,NULL,NULL
11580607,7700,0,NULL,NULL
11580607,8962,1,NULL,NULL
11580607,13499,0,NULL,NULL
11583040,3198,0,NULL,NULL
11583040,19419,1,NULL,NULL
11583040,6112,0,NULL,NULL
11583040,19110,1,NULL,NULL
11583040,8962,1,NULL,NULL
11583040,16081,0,NULL,NULL
11583040,16083,1,NULL,NULL
11600211,4992,1,NULL,NULL
11600211,6648,1,NULL,NULL
11600211,6801,0,NULL,NULL
11600211,7125,1,NULL,NULL
11600211,11643,1,NULL,NULL
11600211,12955,0,NULL,NULL
11600211,14481,0,NULL,NULL
11612527,3710,1,NULL,NULL
11612527,14943,1,NULL,NULL
11612527,49711,0,NULL,NULL
11612527,11057,1,NULL,NULL
11612527,13223,0,266,1
11612527,14481,0,NULL,NULL
11620107,3710,1,NULL,NULL
11620107,49711,0,NULL,NULL
11620107,9426,0,NULL,NULL
11620107,13223,0,266,1
11675721,1634,1,NULL,NULL
11675721,49711,0,NULL,NULL
11675721,11327,0,266,1
11675721,6113,0,NULL,NULL
11686167,25,0,NULL,NULL
11686167,28,1,NULL,NULL
11686167,32,0,NULL,NULL
11686167,33421,0,NULL,NULL
11686167,2961,0,NULL,NULL
11686167,5314,1,NULL,NULL
11686167,5328,1,NULL,NULL
11686167,5333,0,NULL,NULL
11686167,33161,1,NULL,NULL
11686167,6664,0,NULL,NULL
11686167,6801,0,NULL,NULL
11686167,7391,0,NULL,NULL
11686167,38622,0,NULL,NULL
11686167,7603,1,NULL,NULL
11686167,7878,1,NULL,NULL
11686167,19369,0,NULL,NULL
11686167,11247,0,NULL,NULL
11686167,37841,0,NULL,NULL
11686167,18907,0,NULL,NULL
11686167,12067,0,NULL,NULL
11686167,12926,1,NULL,NULL
11686167,13219,1,NULL,NULL
11686167,35521,1,NULL,NULL
11686167,6113,0,NULL,NULL
11686167,14481,0,NULL,NULL
11686176,32962,0,NULL,NULL
11686176,6801,0,NULL,NULL
11686176,7258,1,NULL,NULL
11686176,7603,1,NULL,NULL
11686176,8318,0,NULL,NULL
11686176,11996,0,NULL,NULL
11694165,1828,1,NULL,NULL
11694165,3657,1,NULL,NULL
11694165,5260,0,NULL,NULL
11694165,6801,0,NULL,NULL
11694165,16462,0,379,0
11694165,16462,0,523,1
11694165,8408,0,523,1
11704686,881,1,175,0
11704686,881,1,188,0
11704686,881,1,453,0
11704686,881,1,517,0
11704686,22122,0,NULL,NULL
11704686,19072,0,NULL,NULL
11704686,1408,0,472,0
11704686,23482,0,NULL,NULL
11704686,19411,0,NULL,NULL
11704686,3937,0,NULL,NULL
11704686,5767,0,175,0
11704686,5767,0,382,0
11704686,6801,0,NULL,NULL
11704686,17053,0,379,0
11704686,16920,0,175,0
11704686,16920,0,382,0
11704686,10406,0,627,0
11704686,12141,0,175,0
11704686,12141,0,188,0
11704686,12141,0,382,1
11704686,17192,0,175,0
11704686,17192,0,382,1
11704686,13171,0,NULL,NULL
11704686,14774,0,NULL,NULL
11731716,4345,0,NULL,NULL
11731716,4358,0,639,1
11731716,6801,0,NULL,NULL
11731716,4364,0,145,1
11731716,10599,1,NULL,NULL
11731716,10600,1,NULL,NULL
11748851,328,0,NULL,NULL
11748851,1483,0,NULL,NULL
11748851,2675,0,NULL,NULL
11748851,4247,0,737,0
11748851,4247,0,235,0
11748851,4252,0,NULL,NULL
11748851,5260,0,NULL,NULL
11748851,71838,0,NULL,NULL
11748851,71837,0,NULL,NULL
11748851,16368,0,NULL,NULL
11748851,6801,0,NULL,NULL
11748851,8297,0,NULL,NULL
11748851,8382,0,235,1
11748851,8382,0,473,0
11748851,8840,0,235,1
11748851,8875,0,NULL,NULL
11748851,9154,0,NULL,NULL
11748851,20125,0,NULL,NULL
11748851,11110,0,NULL,NULL
11748851,18807,0,NULL,NULL
11748851,6113,0,NULL,NULL
11748856,48868,0,NULL,NULL
11748856,2352,0,NULL,NULL
11748856,3123,0,235,1
11748856,4247,0,737,0
11748856,4247,0,235,0
11748856,4252,0,NULL,NULL
11748856,4268,1,NULL,NULL
11748856,5192,0,NULL,NULL
11748856,5260,0,NULL,NULL
11748856,18095,1,NULL,NULL
11748856,6801,0,NULL,NULL
11748856,8297,0,NULL,NULL
11748856,70957,0,NULL,NULL
11748856,51718,0,NULL,NULL
11748856,9363,0,235,1
11748856,9687,0,NULL,NULL
11748856,11518,0,235,1
11748856,13030,0,NULL,NULL
11831940,4847,0,201,1
11831940,4847,0,473,0
11831940,5347,0,201,0
11831940,5347,0,473,0
11831940,6801,0,NULL,NULL
11831940,7124,0,NULL,NULL
11831940,16850,0,473,1
11831940,20782,0,378,1
11831940,11625,0,201,1
11831940,11625,0,473,0
11838066,14943,1,NULL,NULL
11838066,15276,0,NULL,NULL
11838066,49673,0,NULL,NULL
11838066,6801,0,NULL,NULL
11838066,9613,1,NULL,NULL
11838066,12109,1,191,0
11838066,12109,1,458,0
11838066,13548,0,NULL,NULL
11838066,14481,0,NULL,NULL
11858625,368,0,NULL,NULL
11858625,15444,1,NULL,NULL
11858625,5194,0,NULL,NULL
11858625,6293,1,NULL,NULL
11858625,6801,0,NULL,NULL
11858276,1690,0,NULL,NULL
11858276,4867,0,NULL,NULL
11858276,18559,0,NULL,NULL
11858276,5118,0,NULL,NULL
11858276,6801,0,NULL,NULL
11858276,7391,1,NULL,NULL
11858276,15397,1,NULL,NULL
11858276,12106,0,295,0
11858276,12106,0,458,1
11858276,12426,0,NULL,NULL
11858276,13026,0,295,0
11858276,13026,0,458,1
11858276,13026,0,639,0
11858276,18531,0,NULL,NULL
11858276,14586,0,NULL,NULL
11858276,14481,0,NULL,NULL
11858276,18557,0,458,1
11858276,14893,1,NULL,NULL
11869993,368,0,NULL,NULL
11869993,975,0,627,1
11869993,4359,0,NULL,NULL
11869993,6801,0,NULL,NULL
11869993,8268,0,517,1
11869993,14815,0,627,1
11869993,15032,0,627,1
11876201,14676,0,523,1
11876201,18504,0,NULL,NULL
11876201,5069,0,NULL,NULL
11876201,5247,0,523,0
11876201,5518,0,523,1
11876201,5524,0,NULL,NULL
11876201,6801,0,NULL,NULL
11876201,27723,1,NULL,NULL
11876201,8021,0,NULL,NULL
11876201,8612,1,NULL,NULL
11876201,9753,0,NULL,NULL
11876201,13026,1,NULL,NULL
11876201,14481,0,NULL,NULL
11876201,18557,0,NULL,NULL
11876201,14893,0,NULL,NULL
11885531,193,0,188,0
11885531,900,0,627,1
11885531,6801,0,NULL,NULL
11885531,6920,0,NULL,NULL
11885531,10510,0,175,1
11885531,10510,0,188,0
11885531,10510,0,382,1
11885531,10518,0,175,0
11885531,10518,0,188,0
11885531,10518,0,382,0
11885531,12307,0,NULL,NULL
11892742,177,0,737,1
11892742,177,0,378,0
11892742,177,0,648,0
11892742,20816,0,NULL,NULL
11892742,595,0,NULL,NULL
11892742,818,0,NULL,NULL
11892742,1483,0,NULL,NULL
11892742,15152,0,NULL,NULL
11892742,15153,0,NULL,NULL
11892742,2417,0,NULL,NULL
11892742,18076,0,378,0
11892742,4591,0,NULL,NULL
11892742,6657,0,737,1
11892742,15151,0,NULL,NULL
11892742,7150,0,NULL,NULL
11892742,8297,0,NULL,NULL
11892742,51379,0,NULL,NULL
11892742,8969,0,NULL,NULL
11892742,12313,0,378,0
11892742,12333,0,378,0
11892742,51381,0,NULL,NULL
11892742,20133,0,NULL,NULL
11892742,12670,0,378,0
11892742,17386,0,NULL,NULL
11892742,13091,0,NULL,NULL
11892742,13094,0,737,0
11892742,13737,0,378,0
11916658,1943,0,981,0
11916658,1943,0,401,1
11916658,2986,0,592,1
11916658,5260,0,NULL,NULL
11916658,6801,0,NULL,NULL
11916658,8327,1,NULL,NULL
11916658,8875,0,NULL,NULL
11916658,10353,0,NULL,NULL
11916658,12107,0,NULL,NULL
11953811,20811,1,NULL,NULL
11953811,3132,0,639,0
11953811,3695,0,639,0
11953811,13502,0,592,0
11953811,13502,0,639,1
11953811,6301,0,639,0
11953811,6801,0,NULL,NULL
11966386,18290,0,145,0
11966386,18290,0,473,1
11966386,5260,0,NULL,NULL
11966386,6801,0,NULL,NULL
11966386,7753,0,592,0
11966386,11786,0,NULL,NULL
11966386,9626,0,NULL,NULL
11966386,2578,0,145,0
11966386,2578,0,473,1
11966386,2583,0,175,0
11966386,2583,0,473,1
11966386,14626,0,145,0
11966386,14626,0,592,1
12038483,3264,1,NULL,NULL
12038483,4783,0,NULL,NULL
12038483,5118,0,NULL,NULL
12038483,6358,0,NULL,NULL
12038483,6861,0,NULL,NULL
12038483,18535,1,NULL,NULL
12038483,13026,0,592,1
12038483,18531,0,NULL,NULL
12038483,13048,1,NULL,NULL
12038483,13242,0,379,0
12038483,14481,0,NULL,NULL
12038483,18557,0,592,1
12101218,595,0,NULL,NULL
12101218,1426,0,737,0
12101218,1426,0,378,1
12101218,1483,0,NULL,NULL
12101218,3598,1,NULL,NULL
12101218,17931,0,NULL,NULL
12101218,8565,1,NULL,NULL
12101218,8969,0,NULL,NULL
12101218,9169,0,378,1
12101218,11485,0,NULL,NULL
12159900,26683,0,NULL,NULL
12159900,26688,1,NULL,NULL
12159900,35843,0,NULL,NULL
12159900,1709,0,NULL,NULL
12159900,19976,0,NULL,NULL
12159900,16265,0,NULL,NULL
12159900,33041,0,NULL,NULL
12159900,4622,0,166,0
12159900,5380,0,NULL,NULL
12159900,6292,0,NULL,NULL
12159900,6805,0,NULL,NULL
12159900,6801,0,NULL,NULL
12159900,12109,0,NULL,NULL
12159900,13234,0,NULL,NULL
12159900,14481,0,NULL,NULL
12174865,28,0,NULL,NULL
12174865,32761,0,NULL,NULL
12174865,818,0,NULL,NULL
12174865,1291,1,NULL,NULL
12174865,26688,1,NULL,NULL
12174865,35843,0,NULL,NULL
12174865,529,0,NULL,NULL
12174865,3219,0,NULL,NULL
12174865,3625,0,NULL,NULL
12174865,4992,1,NULL,NULL
12174865,32984,0,NULL,NULL
12174865,5065,0,NULL,NULL
12174865,6801,0,NULL,NULL
12174865,10817,0,NULL,NULL
12174865,10820,1,523,0
12174865,11287,0,NULL,NULL
12174865,27724,0,NULL,NULL
12174865,14342,0,NULL,NULL
12174865,14421,0,NULL,NULL
12145319,595,0,NULL,NULL
12145319,818,0,NULL,NULL
12145319,1665,0,NULL,NULL
12145319,2352,0,737,0
12145319,2352,0,235,0
12145319,2352,0,502,1
12145319,5089,0,NULL,NULL
12145319,5982,0,235,0
12145319,6367,0,NULL,NULL
12145319,6801,0,NULL,NULL
12145319,7700,0,NULL,NULL
12145319,8565,0,737,0
12145319,8565,0,378,1
12145319,8565,0,502,1
12145319,8969,0,NULL,NULL
12145319,9419,0,737,0
12145319,9419,0,378,0
12145319,9638,0,37,0
12145319,9638,0,557,0
12145319,16716,0,NULL,NULL
12145319,10673,0,NULL,NULL
12145319,17433,0,NULL,NULL
12145319,50765,0,NULL,NULL
12145319,51381,0,NULL,NULL
12145319,11993,0,378,0
12145319,50600,0,NULL,NULL
12145319,16415,0,NULL,NULL
12145319,17386,0,NULL,NULL
12145319,50825,0,NULL,NULL
12145319,50827,0,NULL,NULL
12145319,13816,0,NULL,NULL
12145319,33921,1,NULL,NULL
12192682,465,0,NULL,NULL
12192682,1185,1,NULL,NULL
12192682,18480,0,193,1
12192682,6801,0,NULL,NULL
12192682,7318,1,NULL,NULL
12192682,13026,0,193,1
12192682,18531,0,NULL,NULL
12192682,13597,0,NULL,NULL
12192682,17748,0,NULL,NULL
12192682,14481,0,NULL,NULL
12192682,18557,0,NULL,NULL
12179763,328,0,NULL,NULL
12179763,367,0,NULL,NULL
12179763,368,1,NULL,NULL
12179763,1208,0,NULL,NULL
12179763,1723,1,NULL,NULL
12179763,3247,0,NULL,NULL
12179763,3267,1,NULL,NULL
12179763,3695,0,NULL,NULL
12179763,3710,0,NULL,NULL
12179763,3858,1,NULL,NULL
12179763,3906,0,NULL,NULL
12179763,4467,1,NULL,NULL
12179763,4651,1,NULL,NULL
12179763,4777,0,NULL,NULL
12179763,5193,0,NULL,NULL
12179763,5202,0,NULL,NULL
12179763,5298,0,NULL,NULL
12179763,6262,0,NULL,NULL
12179763,6280,0,NULL,NULL
12179763,6285,1,NULL,NULL
12179763,6296,0,NULL,NULL
12179763,7723,0,NULL,NULL
12179763,8430,1,NULL,NULL
12179763,9934,0,NULL,NULL
12179763,11153,0,NULL,NULL
12179763,11154,0,NULL,NULL
12179763,11156,0,NULL,NULL
12179763,11157,1,NULL,NULL
12179763,11158,1,NULL,NULL
12179763,11320,0,NULL,NULL
12179763,15397,1,NULL,NULL
12179763,11640,1,NULL,NULL
12179763,17150,1,NULL,NULL
12179763,12106,1,NULL,NULL
12179763,12946,1,NULL,NULL
12179763,12959,1,NULL,NULL
12179763,13245,1,NULL,NULL
12211241,1422,0,NULL,NULL
12211241,3711,0,276,0
12211241,3711,0,382,1
12211241,3711,0,473,0
12211241,6801,0,NULL,NULL
12211241,7918,0,276,0
12211241,7918,0,382,1
12211241,7918,0,473,0
12211241,9166,0,472,1
12211241,9166,0,502,0
12211241,12583,0,382,0
12211266,1782,1,NULL,NULL
12211266,32821,0,NULL,NULL
12211266,26689,1,NULL,NULL
12211266,5249,1,NULL,NULL
12211266,18594,0,NULL,NULL
12211266,6801,0,NULL,NULL
12211266,7668,1,NULL,NULL
12211266,16030,0,191,0
12211266,19520,1,NULL,NULL
12211266,11640,1,NULL,NULL
12211266,9927,0,191,1
12211266,14481,0,NULL,NULL
12219757,1877,0,266,1
12219757,49672,0,NULL,NULL
12219757,49673,0,NULL,NULL
12219757,9482,0,266,1
12219757,6113,0,NULL,NULL
12227380,5060,0,NULL,NULL
12227380,49670,0,NULL,NULL
12227380,49673,0,NULL,NULL
12227380,49692,0,NULL,NULL
12227380,8273,0,266,1
12227380,8511,1,NULL,NULL
12227380,10684,0,266,1
12227380,12068,1,NULL,NULL
12227380,12585,0,266,1
12230384,368,0,NULL,NULL
12230384,15519,0,NULL,NULL
12230384,19317,1,NULL,NULL
12230384,5260,0,NULL,NULL
12230384,50723,0,209,0
12230384,50723,0,517,0
12230384,6801,0,NULL,NULL
12230384,8403,1,NULL,NULL
12230384,8875,0,NULL,NULL
12230384,15663,0,150,0
12230384,15663,0,175,1
12230384,15663,0,628,0
12230384,12307,0,NULL,NULL
12230384,14481,0,NULL,NULL
12230355,367,0,NULL,NULL
12230355,368,0,NULL,NULL
12230355,5260,0,NULL,NULL
12230355,50723,0,209,0
12230355,50723,0,517,0
12230355,6801,0,NULL,NULL
12230355,8403,1,NULL,NULL
12230355,8875,0,NULL,NULL
12230355,15663,0,150,0
12230355,15663,0,175,1
12230355,12307,0,NULL,NULL
12349809,4467,0,NULL,NULL
12349809,5069,1,NULL,NULL
12349809,7398,1,NULL,NULL
12349809,12922,1,NULL,NULL
12349809,12959,0,NULL,NULL
12349809,14933,1,NULL,NULL
12369570,1510,1,NULL,NULL
12369570,6801,0,NULL,NULL
12369570,7103,1,NULL,NULL
12369570,7866,1,NULL,NULL
12369570,18485,0,502,1
12369570,18482,0,502,1
12369570,13026,1,NULL,NULL
12369570,16474,1,NULL,NULL
12501715,18488,0,209,1
12501715,6801,0,NULL,NULL
12501715,13026,0,NULL,NULL
12501715,14893,0,9,1
12501715,18474,0,9,1
12599353,16223,0,331,1
12599353,3657,1,NULL,NULL
12599353,6801,0,NULL,NULL
12599353,7883,1,NULL,NULL
12599353,8020,0,NULL,NULL
12599353,26684,0,NULL,NULL
12599353,19727,0,331,0
12599353,11996,0,NULL,NULL
12599353,14481,0,NULL,NULL
12416895,293,0,NULL,NULL
12416895,328,0,NULL,NULL
12416895,971,0,8,0
12416895,971,0,627,0
12416895,1761,0,8,0
12416895,3131,0,NULL,NULL
12416895,3606,0,8,0
12416895,4317,0,8,0
12416895,5260,0,NULL,NULL
12416895,6689,0,188,0
12416895,6689,0,532,1
12416895,6801,0,NULL,NULL
12416895,8130,0,8,0
12416895,8297,0,NULL,NULL
12416895,8466,0,8,0
12416895,8875,0,NULL,NULL
12416895,11241,0,8,0
12416895,11344,0,8,0
12416895,11879,0,NULL,NULL
12416895,12189,0,NULL,NULL
12416895,16879,0,379,0
12416895,16019,0,NULL,NULL
12416895,16896,0,NULL,NULL
12416895,14747,0,8,0
12416895,14750,0,8,0
12599354,3657,1,NULL,NULL
12599354,5066,0,331,1
12599354,5190,0,523,0
12599354,6801,0,NULL,NULL
12599354,7872,0,331,1
12599354,8020,1,NULL,NULL
12599354,8396,0,NULL,NULL
12599354,18458,0,NULL,NULL
12599354,12297,0,331,1
12599354,16312,0,331,1
12599354,14481,0,NULL,NULL
12742516,818,0,NULL,NULL
12742516,975,0,494,1
12742516,1665,0,NULL,NULL
12742516,2118,0,378,0
12742516,15227,0,187,0
12742516,8297,0,NULL,NULL
12742516,53078,0,187,0
12742516,8930,0,187,1
12742516,8930,0,378,0
12742516,33681,0,187,1
12742516,33681,0,378,0
12742516,9249,0,378,0
12742516,10084,0,NULL,NULL
12742516,10879,0,494,1
12742516,51381,0,NULL,NULL
12742516,17208,0,NULL,NULL
12742519,428,0,517,1
12742519,437,0,188,0
12742519,818,0,NULL,NULL
12742519,14150,0,8,0
12742519,14150,0,494,1
12742519,4195,0,NULL,NULL
12742519,65127,0,NULL,NULL
12742519,4305,0,NULL,NULL
12742519,8297,0,NULL,NULL
12742519,9043,0,187,1
12742519,51381,0,NULL,NULL
12742519,18967,0,8,0
12742519,18967,0,494,1
12742519,12439,0,NULL,NULL
12742519,12646,0,NULL,NULL
12742519,58830,0,NULL,NULL
12742518,818,0,NULL,NULL
12742518,1522,0,187,1
12742518,2227,0,8,0
12742518,2227,0,819,0
12742518,2227,0,494,1
12742518,3042,0,8,0
12742518,3042,0,494,1
12742518,3216,0,187,0
12742518,50483,0,187,1
12742518,50483,0,378,0
12742518,18765,0,8,0
12742518,18765,0,494,0
12742518,4305,0,NULL,NULL
12742518,8297,0,NULL,NULL
12742518,51379,0,NULL,NULL
12742518,9043,0,187,0
12742518,51381,0,NULL,NULL
12742518,17207,0,NULL,NULL
12742518,17480,0,187,0
12742518,17480,0,378,0
12742518,13329,0,NULL,NULL
13072632,4952,1,NULL,NULL
13072632,7306,1,NULL,NULL
13072632,10755,1,NULL,NULL
13072632,10710,1,NULL,NULL
13634534,1847,0,502,1
13634534,2118,0,378,1
13634534,5921,0,502,1
13634534,6801,0,NULL,NULL
13634534,7674,1,NULL,NULL
13634534,10758,0,378,1
14177620,1201,1,NULL,NULL
14177620,1706,1,NULL,NULL
14177620,2914,1,NULL,NULL
14177620,3920,1,NULL,NULL
14177620,5745,1,NULL,NULL
14177620,5756,1,NULL,NULL
14177620,6505,1,NULL,NULL
14177620,6506,1,NULL,NULL
14177620,6801,0,NULL,NULL
14177620,6949,1,NULL,NULL
14177620,7565,1,NULL,NULL
14177620,7583,1,NULL,NULL
14177620,50356,1,NULL,NULL
14177620,8055,0,97,1
14177620,8074,1,NULL,NULL
14177620,8103,1,NULL,NULL
14177620,8288,1,NULL,NULL
14177620,10336,1,NULL,NULL
14177620,10998,1,NULL,NULL
14177620,11488,1,NULL,NULL
14337379,28,1,NULL,NULL
14337379,2585,1,NULL,NULL
14337379,5260,0,NULL,NULL
14337379,5333,1,NULL,NULL
14337379,6651,1,NULL,NULL
14337379,6801,0,NULL,NULL
14337379,8660,1,NULL,NULL
14337379,10920,1,NULL,NULL
14337379,11247,0,NULL,NULL
14337379,12701,1,NULL,NULL
14316043,3815,1,NULL,NULL
14316043,5592,1,NULL,NULL
14316043,50723,1,NULL,NULL
14316043,6801,0,NULL,NULL
14316043,7400,1,NULL,NULL
14316043,7568,1,NULL,NULL
14316043,7572,1,NULL,NULL
14316043,8338,1,NULL,NULL
14316043,8446,1,NULL,NULL
14316043,11215,1,NULL,NULL
14594616,328,0,NULL,NULL
14594616,5153,1,473,0
14594616,5153,1,628,0
14594616,5260,0,NULL,NULL
14594616,6801,0,NULL,NULL
14594616,9506,1,473,0
14594616,9506,1,628,0
14594616,12878,1,473,0
14594616,12878,1,628,0
14668029,595,0,NULL,NULL
14668029,818,0,NULL,NULL
14668029,1792,0,187,0
14668029,1792,0,378,0
14668029,6801,0,NULL,NULL
14668029,8969,0,NULL,NULL
14668029,10975,0,737,0
14668029,10975,0,494,1
14668029,58921,0,737,0
14668029,58921,0,494,1
14668029,58925,0,97,0
14668029,58925,0,737,0
14668029,58925,0,378,1
14668029,13988,0,31,1
14668029,13988,0,737,0
14668029,13988,0,494,0
14668030,293,0,NULL,NULL
14668030,328,0,NULL,NULL
14668030,368,0,NULL,NULL
14668030,369,0,NULL,NULL
14668030,16022,0,NULL,NULL
14668030,2648,0,NULL,NULL
14668030,2675,0,NULL,NULL
14668030,5260,0,NULL,NULL
14668030,5776,0,97,1
14668030,5776,0,235,1
14668030,6801,0,NULL,NULL
14668030,15850,0,97,1
14668030,15850,0,235,1
14668030,7585,0,235,0
14668030,8297,0,NULL,NULL
14668030,8875,0,NULL,NULL
14668030,10976,0,NULL,NULL
14668030,11110,0,NULL,NULL
14668030,11401,0,NULL,NULL
14668030,13921,0,97,0
14668030,13921,0,235,0
14668030,55815,0,NULL,NULL
14695699,328,0,NULL,NULL
14695699,368,0,NULL,NULL
14695699,1201,0,188,1
14695699,1201,0,209,0
14695699,1201,0,652,0
14695699,4232,0,8,1
14695699,5260,0,NULL,NULL
14695699,5665,0,8,1
14695699,6801,0,NULL,NULL
14695699,7262,0,NULL,NULL
14695699,8103,0,150,1
14695699,8297,0,NULL,NULL
14695699,8875,0,NULL,NULL
14695699,12964,0,652,1
14729922,465,0,NULL,NULL
14729922,596,0,32,1
14729922,19295,0,379,1
14729922,19143,1,NULL,NULL
14729922,8969,0,NULL,NULL
14729922,10802,0,NULL,NULL
14729922,11506,0,737,0
14729922,16415,0,379,0
14729922,17386,1,NULL,NULL
14729922,12984,0,NULL,NULL
14729922,13997,0,NULL,NULL
14749521,818,0,NULL,NULL
14749521,2701,0,627,1
14749521,4791,0,627,0
14749521,6801,0,NULL,NULL
14749521,9203,0,201,0
14749521,9203,0,517,1
14749521,17202,0,201,0
14749521,17202,0,517,1
14749521,15428,0,201,0
14749521,15428,0,517,1
14749521,51381,0,NULL,NULL
14744982,20413,0,235,0
14744982,20413,0,378,0
14744982,20121,0,235,0
14744982,20121,0,378,0
14744982,255,0,378,1
14744982,255,0,494,0
14744982,17123,0,235,1
14744982,1483,0,NULL,NULL
14744982,15967,0,NULL,NULL
14744982,8969,0,NULL,NULL
14744982,8970,0,NULL,NULL
14744982,11401,0,235,1
14744982,12367,0,737,0
14744982,12367,0,235,1
14744982,12367,0,378,0
14744982,14158,1,187,0
14796701,90,1,NULL,NULL
14796701,1419,1,NULL,NULL
14796701,2087,1,NULL,NULL
14796701,20148,1,NULL,NULL
14796701,6859,1,NULL,NULL
14817685,891,1,NULL,NULL
14817685,1602,1,NULL,NULL
14817685,6321,1,NULL,NULL
14817685,6331,1,NULL,NULL
14817685,6801,0,NULL,NULL
14991249,293,0,NULL,NULL
14991249,1859,0,175,1
14991249,5269,0,981,1
14991249,5500,0,NULL,NULL
14991249,6801,0,NULL,NULL
14991249,8297,0,NULL,NULL
14991249,15831,0,175,1
14991249,11859,0,NULL,NULL
14991249,12075,0,NULL,NULL
15110832,4249,1,NULL,NULL
15110832,6835,0,138,0
15110832,6835,0,737,1
15110832,15394,0,NULL,NULL
15110832,10782,1,NULL,NULL
15206831,328,0,NULL,NULL
15206831,339,0,NULL,NULL
15206831,1794,0,502,1
15206831,1831,1,NULL,NULL
15206831,5260,0,NULL,NULL
15206831,6339,0,502,1
15206831,6801,0,NULL,NULL
15206831,8016,0,NULL,NULL
15206831,8297,0,NULL,NULL
15206831,8393,0,523,0
15206831,8875,0,NULL,NULL
15206831,13060,0,NULL,NULL
15206831,18454,1,NULL,NULL
15206831,14110,0,NULL,NULL
15228064,818,0,NULL,NULL
15228064,1181,1,NULL,NULL
15228064,3937,0,NULL,NULL
15228064,4562,0,NULL,NULL
15228064,4638,0,NULL,NULL
15228064,6801,0,NULL,NULL
15228064,8297,0,NULL,NULL
15228064,8875,0,NULL,NULL
15228064,17202,0,150,0
15228064,17202,0,175,1
15228064,17202,0,628,0
15228064,1098,0,150,0
15228064,1098,0,175,1
15228064,1098,0,628,0
15611660,818,0,NULL,NULL
15611660,1973,0,378,0
15611660,2453,0,235,0
15611660,2453,0,502,0
15611660,49109,0,NULL,NULL
15611660,16922,1,235,0
15611660,4247,0,378,0
15611660,4265,0,37,0
15611660,4265,0,235,0
15611660,4265,0,502,1
15611660,19175,0,NULL,NULL
15611660,44127,1,NULL,NULL
15611660,18507,0,NULL,NULL
15611660,6706,0,235,0
15611660,6706,0,502,0
15611660,8136,1,235,0
15611660,8780,0,502,0
15611660,51379,0,NULL,NULL
15611660,8817,0,NULL,NULL
15611660,9154,0,NULL,NULL
15611660,1616,0,378,0
15611661,17398,1,NULL,NULL
15611661,2454,0,235,0
15611661,15687,1,NULL,NULL
15611661,45744,0,NULL,NULL
15611661,49109,0,NULL,NULL
15611661,4273,0,235,0
15611661,15972,0,NULL,NULL
15611661,14644,1,NULL,NULL
15611661,6801,0,NULL,NULL
15611661,14411,0,473,0
15611661,14411,0,502,0
15611661,9432,0,166,0
15611661,9432,0,502,0
15611661,9447,0,235,0
15611661,9447,0,473,0
15611661,9447,0,503,0
15611661,20917,0,235,1
15611661,20917,0,502,1
15611661,15398,0,235,0
15611667,2460,0,NULL,NULL
15611667,2874,0,NULL,NULL
15611667,2896,0,235,1
15611667,2896,0,502,1
15611667,3596,0,32,0
15611667,4247,0,737,0
15611667,4247,0,235,0
15611667,42622,0,NULL,NULL
15611667,42522,1,NULL,NULL
15611667,44127,0,NULL,NULL
15611667,16193,0,235,0
15611667,16193,0,502,0
15611667,5786,0,NULL,NULL
15611667,6147,0,32,0
15611667,6801,0,NULL,NULL
15611667,8285,0,235,0
15611667,20411,0,379,1
15611667,16196,0,235,0
15611667,16196,0,502,0
15611667,14158,0,NULL,NULL
15739502,821,0,32,1
15739502,2851,0,379,1
15739502,5503,0,32,1
15739502,11810,0,32,1
16776646,1690,1,NULL,NULL
16776646,1877,1,NULL,NULL
16776646,6801,0,NULL,NULL
16776646,20407,1,NULL,NULL
16776646,9317,0,NULL,NULL
16776646,39781,1,NULL,NULL
16776646,12013,0,NULL,NULL
16776646,12014,1,NULL,NULL
16776646,13782,0,NULL,NULL
16776646,14481,0,NULL,NULL
15968009,293,0,NULL,NULL
15968009,368,0,NULL,NULL
15968009,369,0,NULL,NULL
15968009,4311,0,NULL,NULL
15968009,15914,0,9,1
15968009,4966,0,627,0
15968009,5260,0,NULL,NULL
15968009,5500,0,NULL,NULL
15968009,6801,0,NULL,NULL
15968009,8180,0,503,1
15968009,8525,0,627,0
15968009,8875,0,NULL,NULL
15968009,17698,1,NULL,NULL
15968009,12307,0,NULL,NULL
16779244,16247,0,379,1
16779244,46650,1,NULL,NULL
16779244,9323,1,NULL,NULL
16779244,39781,1,NULL,NULL
16888359,465,0,NULL,NULL
16888359,818,0,NULL,NULL
16888359,16000,0,NULL,NULL
16888359,3627,0,NULL,NULL
16888359,30541,1,NULL,NULL
16888359,20869,0,706,1
16888359,6801,0,NULL,NULL
16888359,16247,0,NULL,NULL
16888359,20407,0,NULL,NULL
16888359,9317,0,NULL,NULL
16888359,20411,0,706,1
16888359,12984,0,NULL,NULL
16888359,14481,0,NULL,NULL
16923641,16239,0,NULL,NULL
16923641,46650,0,NULL,NULL
16923641,11570,1,NULL,NULL
16923641,39781,1,NULL,NULL
17059514,328,0,NULL,NULL
17059514,3424,0,178,1
17059514,4750,0,379,0
17059514,5260,0,NULL,NULL
17059514,5500,0,NULL,NULL
17059514,5526,1,NULL,NULL
17059514,6801,0,NULL,NULL
17059514,8297,0,NULL,NULL
17059514,10288,0,379,0
17059514,12008,0,NULL,NULL
17059514,16896,0,NULL,NULL
16949478,889,0,627,0
16949478,2303,0,NULL,NULL
16949478,9202,0,150,0
16949478,17115,0,NULL,NULL
16949478,16757,0,209,1
16949478,16757,0,517,1
16949478,17147,0,NULL,NULL
16949478,4562,0,NULL,NULL
16949478,6323,0,209,0
16949478,6323,0,628,0
16949478,6334,0,NULL,NULL
16949478,6801,0,NULL,NULL
16949478,17180,0,150,1
16949478,17180,0,188,1
16949478,17180,0,503,0
16949478,14693,0,150,1
16949478,14693,0,188,1
16949478,14693,0,503,0
17712873,328,0,NULL,NULL
17712873,1706,0,NULL,NULL
17712873,3238,0,648,0
17712873,3964,0,2,0
17712873,3964,0,648,1
17712873,5260,0,NULL,NULL
17712873,5764,0,209,0
17712873,5764,0,601,0
17712873,6551,0,209,1
17712873,6551,0,601,0
17712873,6801,0,NULL,NULL
17712873,8297,0,NULL,NULL
17712873,46529,0,NULL,NULL
17712873,8875,0,NULL,NULL
17712873,18482,0,648,0
17712873,12008,0,NULL,NULL
17713168,328,0,NULL,NULL
17713168,19380,0,627,1
17713168,23241,0,NULL,NULL
17713168,18791,0,NULL,NULL
17713168,15331,0,NULL,NULL
17713168,24882,0,235,1
17713168,5260,0,NULL,NULL
17713168,5838,0,NULL,NULL
17713168,15658,0,188,1
17713168,15658,0,453,0
17713168,15658,0,276,0
17713168,15658,0,821,0
17713168,15497,0,235,1
17713168,6801,0,NULL,NULL
17713168,16015,0,NULL,NULL
17713168,8297,0,NULL,NULL
17713168,8875,0,NULL,NULL
17713168,9154,1,NULL,NULL
17713168,16017,0,NULL,NULL
17713168,11159,0,NULL,NULL
17713168,15995,0,NULL,NULL
17713168,12367,1,NULL,NULL
17713168,18570,0,NULL,NULL
17713168,12307,0,NULL,NULL
17713168,12737,0,NULL,NULL
17713168,13997,0,NULL,NULL
17713168,17211,0,NULL,NULL
17823161,328,0,NULL,NULL
17823161,666,0,506,1
17823161,935,0,506,1
17823161,4739,0,NULL,NULL
17823161,6801,0,NULL,NULL
17823161,8297,0,NULL,NULL
17823161,8508,1,NULL,NULL
17823161,9181,0,188,1
17823161,9369,0,150,1
17926191,328,0,NULL,NULL
17926191,367,0,NULL,NULL
17926191,368,1,NULL,NULL
17926191,369,0,NULL,NULL
17926191,616,0,627,0
17926191,971,0,627,0
17926191,7446,1,NULL,NULL
17926191,2893,1,NULL,NULL
17926191,15331,0,NULL,NULL
17926191,3561,0,627,0
17926191,3613,0,627,0
17926191,5260,0,NULL,NULL
17926191,5500,0,NULL,NULL
17926191,18380,0,NULL,NULL
17926191,6801,0,NULL,NULL
17926191,7621,0,NULL,NULL
17926191,15470,0,175,1
17926191,15470,0,235,1
17926191,15470,0,401,0
17926191,15470,0,628,0
17926191,7958,1,NULL,NULL
17926191,8297,0,NULL,NULL
17926191,8875,0,NULL,NULL
17926191,8942,0,627,0
17926191,11379,0,NULL,NULL
17926191,16019,0,NULL,NULL
17926191,13629,0,627,0
17926191,14178,1,NULL,NULL
18122624,6801,0,NULL,NULL
18122624,8641,1,NULL,NULL
18122624,8643,1,NULL,NULL
18122624,14652,1,NULL,NULL
18311089,2423,1,NULL,NULL
18311089,6801,0,NULL,NULL
18311089,9369,0,NULL,NULL
18941263,1315,0,NULL,NULL
18941263,6301,0,NULL,NULL
18941263,6801,0,NULL,NULL
18941263,11203,1,NULL,NULL
18941263,11634,0,NULL,NULL
18941263,12923,0,NULL,NULL
18941263,64890,1,NULL,NULL
18941263,12959,1,NULL,NULL
21002435,35843,1,NULL,NULL
21002435,6805,1,NULL,NULL
21002435,6801,0,NULL,NULL
21002435,28683,1,NULL,NULL
21002435,10820,1,NULL,NULL
21002435,12106,1,NULL,NULL
21002435,14858,1,NULL,NULL
21007460,3158,1,NULL,NULL
21007460,6801,0,NULL,NULL
21007460,14857,1,NULL,NULL
18719013,368,0,NULL,NULL
18719013,4311,0,NULL,NULL
18719013,4359,0,NULL,NULL
18719013,4967,0,8,1
18719013,5260,0,NULL,NULL
18719013,6304,0,NULL,NULL
18719013,20249,0,379,1
18719013,6801,0,NULL,NULL
18719013,8875,0,NULL,NULL
18719013,17698,0,523,1
18719013,11372,0,8,1
18719013,11379,0,NULL,NULL
18719013,11788,1,NULL,NULL
18719013,11795,0,NULL,NULL
18719013,16387,0,NULL,NULL
21024418,1766,1,NULL,NULL
21024418,6801,0,NULL,NULL
21024418,8887,1,NULL,NULL
21024418,9885,1,NULL,NULL
21024418,14857,1,NULL,NULL
23674598,818,0,NULL,NULL
23674598,2465,1,NULL,NULL
23674598,2633,0,NULL,NULL
23674598,2642,0,NULL,NULL
23674598,47108,0,502,0
23674598,58750,0,NULL,NULL
23674598,18507,1,NULL,NULL
23674598,6801,0,NULL,NULL
23674598,51379,0,NULL,NULL
23674598,9369,0,378,0
23674598,9432,0,196,0
23674598,9432,0,502,1
23674598,14981,0,NULL,NULL
23674598,15027,0,NULL,NULL
23326248,783,0,175,0
23326248,783,0,209,0
23326248,783,0,628,1
23326248,1027,0,NULL,NULL
23326248,1164,0,175,0
23326248,1164,0,209,0
23326248,1164,0,628,1
23326248,42241,0,NULL,NULL
23326248,4621,0,295,1
23326248,4621,0,379,0
23326248,6801,0,NULL,NULL
23326248,7668,0,293,0
23326248,8297,0,NULL,NULL
23326248,8875,0,NULL,NULL
23326248,9392,1,NULL,NULL
23326248,11183,0,175,0
23326248,11183,0,209,0
23326248,11183,0,628,1
23326248,12077,1,NULL,NULL
23326248,55989,1,NULL,NULL
23326248,14057,0,NULL,NULL
23326248,18616,0,NULL,NULL
23326248,14682,1,NULL,NULL
23685357,199,0,235,0
23685357,199,0,378,1
23685357,48868,0,235,0
23685357,48868,0,378,1
23685357,818,0,NULL,NULL
23685357,1321,0,235,0
23685357,1321,0,378,0
23685357,1921,0,378,1
23685357,3071,0,502,0
23685357,49229,0,235,0
23685357,49229,0,378,1
23685357,6801,0,NULL,NULL
23685357,17774,0,502,0
23685357,51379,0,NULL,NULL
23685357,18345,0,NULL,NULL
23685357,9419,0,235,0
23685357,9419,0,378,1
23685357,13569,0,235,0
23685357,13569,0,378,1
24090994,893,0,302,0
24090994,893,0,494,1
24090994,893,0,627,0
24090994,51545,0,378,1
24090994,16861,0,302,0
24090994,16861,0,494,0
24090994,16861,0,627,0
24090994,4305,0,NULL,NULL
24090994,6367,0,NULL,NULL
24090994,6801,0,NULL,NULL
24090994,6893,0,96,0
24090994,7249,0,139,0
24090994,7249,0,188,0
24090994,7249,0,378,1
24090994,20128,0,NULL,NULL
24090994,16859,0,302,0
24090994,16859,0,494,0
24090994,16859,0,627,0
24090994,58945,0,378,1
24090994,16328,0,37,1
24090994,10704,0,NULL,NULL
24090994,8517,0,NULL,NULL
24090994,10936,0,737,0
24090994,10936,0,494,0
24090994,10936,0,627,0
24090994,18517,0,737,0
24090994,45789,0,302,0
24090994,45789,0,494,1
24090994,45789,0,627,0
24090994,31210,0,737,1
25031417,704,0,NULL,NULL
25031417,818,0,NULL,NULL
25031417,30161,0,494,1
25031417,15306,0,378,0
25031417,4797,0,NULL,NULL
25031417,5260,0,NULL,NULL
25031417,7987,0,235,0
25031417,7987,0,378,0
25031417,7028,0,494,1
25031417,7398,0,NULL,NULL
25031417,7986,0,97,1
25031417,8297,0,NULL,NULL
25031417,17551,0,NULL,NULL
25031417,9638,0,378,1
25031417,9638,0,494,0
25031417,9924,0,NULL,NULL
25031417,10286,0,187,0
25031417,10286,0,378,1
25031417,11784,0,NULL,NULL
25031417,12333,0,378,0
25031417,18341,0,235,0
25031417,18341,0,378,0
25031417,12726,1,NULL,NULL
27763809,914,0,276,1
27763809,1315,0,NULL,NULL
27763809,1688,0,592,1
27763809,4797,0,NULL,NULL
27763809,6801,0,NULL,NULL
27763809,7116,0,379,1
27763809,8457,0,517,1
27763809,9500,0,NULL,NULL
27763809,56990,0,379,1
27763809,10948,0,NULL,NULL
29049350,900,0,494,0
29049350,1426,0,378,0
29049350,1428,0,494,0
29049350,3198,0,NULL,NULL
29049350,3353,0,187,0
29049350,3353,0,235,0
29049350,3353,0,378,0
29049350,3353,0,472,1
29049350,16680,0,NULL,NULL
29049350,6801,0,NULL,NULL
29049350,8024,0,NULL,NULL
29049350,8954,0,NULL,NULL
29049350,62105,0,NULL,NULL
